Question,Answer
What is AI-Shield?,"AI-Shield is an advanced AI-powered cybersecurity platform designed to detect digital threats, including phishing attempts and hidden steganographic content."
What type of services does AI-Shield provide?,"AI-Shield provides real-time phishing detection, image steganography analysis, security metrics visualization, and an interactive AI security assistant."
Who is the target audience of AI-Shield?,"Our target audience includes cybersecurity professionals, digital forensics experts, and organizations looking to protect their digital assets."
Can I request a feature on AI-Shield?,"Yes, you can! Submit your feature requests through our contact form or directly via the feedback option in the dashboard."
Which programming languages are used in AI-Shield?,"Primarily Python is used for backend logic and AI models, while the frontend is built using modern Javascript frameworks."
Does AI-Shield provide source code for its tools?,"We provide access to open-source components and SDKs on GitHub, while the enterprise core remains proprietary."
How can I stay updated with AI-Shield's latest features?,"Subscribe to our newsletter and turn on notifications in the dashboard to get updates on new security features."
Do you cover real-world cybersecurity threats?,"Absolutely! Our focus is on detecting and mitigating real-world threats like zero-day phishing URLs and advanced steganography."
Are the tools beginner-friendly?,"Yes, we design our interfaces for all levels—with clear step-by-step guidance and intuitive dashboard layouts."
What tools and libraries are used in AI-Shield?,"We use frameworks like FastAPI and libraries such as Scikit-learn, TensorFlow, PyTorch, and specialized forensics tools."
Does AI-Shield use deep learning for threat detection?,"Yes, we utilize deep learning architectures including CNNs, LSTMs, and Transformers for robust threat analysis."
Can I use NLP for phishing detection in AI-Shield?,"Yes, we have integrated NLP models for text classification, sentiment analysis, and deceptive intent detection."
What is a good starting point for securing my app?,"A good starting point is integrating our Phishing URL Scanner API to check user-submitted links in real-time."
Do you have documentation for integration?,"Yes, we have comprehensive documentation and API guides. Check the 'Developer Docs' section on our portal."
How do I run AI-Shield on my system?,"Most of our tools can be deployed via Docker or run directly using Python. Setup instructions are provided in the docs."
Can I collaborate with AI-Shield on development?,"We are open to collaborations! Reach out via our partner page or contribute to our open-source GitHub repositories."
How do I contact AI-Shield?,"You can reach us via our support email, the built-in help desk, or connect through our professional network pages."
Are AI-Shield services free to access?,"Yes, our basic educational tier and open-source tools are freely accessible to individual researchers."
Does AI-Shield provide security compliance guidance?,"Yes, we generate reports that assist with compliance checks for standards like GDPR, HIPAA, and ISO 27001."
Where can I find the AI-Shield GitHub repository?,"The GitHub link is shared in the platform footer. You can also find it by searching 'AI-Shield' on GitHub."
What is the best way to start using AI-Shield?,"Start by exploring the demo dashboard, run a sample URL scan, and read our 'Quick Start' integration guide."
Does AI-Shield explain threats or just detect them?,"We provide both automated detection and detailed forensic explanations to help you understand each threat vector."
Are there tools for model deployment?,"Yes, we provide pre-configured Docker containers and deployment scripts for cloud and on-premise infrastructure."
What are some advanced capabilities of AI-Shield?,"Capabilities like multi-layered image analysis, dark web monitoring, and behavioral risk scoring are available for advanced users."
Can I integrate AI tools with AI-Shield?,"Yes, you can integrate external LLMs, custom ML pipelines, and SIEM tools using our flexible webhook system."
How does AI-Shield preprocess data for analysis?,"We perform thorough preprocessing, including URL parsing, tokenization, text normalization, and image pixel extraction."
What are some good steganography detection techniques?,"We employ LSB anomaly detection, chi-square statistical analysis, and deep neural networks to uncover hidden data."
Does AI-Shield cover time series threat analysis?,"Yes, we offer behavioral baseline analysis over time to detect slow-acting persistent threats."
Can I use AI-Shield APIs in Python?,"Yes, we have a dedicated Python SDK that makes fetching threat scores and scanning data straightforward."
Is there any guidance on compliance preparation?,"Yes, we provide automated auditing tools and actionable checklists for security compliance readiness."
Does AI-Shield provide vulnerability assessments?,"Yes, our platform includes basic vulnerability mapping for web assets to identify weak configurations."
How frequently does AI-Shield update its threat intelligence?,"We aim to sync and update our threat intelligence feeds continuously to protect against the latest exploits."
Do you provide security visualization metrics?,"Yes, we generate intuitive graphs using modern charting libraries to visualize attack distributions."
Are the dashboard interfaces beginner-friendly?,"Yes, we simplify complex forensic data into clean visual representations suitable for non-experts."
Do you support cloud platforms like AWS or GCP?,"Yes, our architecture integrates seamlessly with AWS, Google Cloud Platform, and Azure services."
Does AI-Shield provide training simulations?,"We currently offer automated simulation templates, with interactive training modules coming in future updates."
Can I access AI-Shield offline?,"Our enterprise tier supports offline, air-gapped deployments for highly sensitive environments."
Do you use web scraping for threat intelligence?,"Yes, we carefully scrape known threat repositories and OSINT sources to maintain an active defense database."
Is there capability for unsupervised anomaly detection?,"Yes, we utilize unsupervised learning models like isolation forests to catch novel, unseen threats."
How can I give feedback to AI-Shield?,"You can submit feedback directly through the app interface or log an issue on our support repository."
